epoch,steps,cosine_pearson,cosine_spearman
1.5220700152207,1000,0.9597710920882392,0.9174741951802741
3.0441400304414,2000,0.962240285336236,0.9212081579770475
